Fecha,CAPITAL,CUPRUM,HABITAT,MODELO,PLANVITAL,PROVIDA,UNO
1/1/2020,44.7326,51.79266,51.07798,49.34671,89.42348,44.13357,50.19521
1/2/2020,44.80134,51.85754,51.15462,49.43393,89.55696,44.19239,50.27545
1/3/2020,45.20904,52.32037,51.59648,49.89299,90.35522,44.59192,50.74401
1/4/2020,45.20904,52.32037,51.59648,49.89299,90.35522,44.59192,50.74401
1/5/2020,45.20904,52.32037,51.59648,49.89299,90.35522,44.59192,50.74401
1/6/2020,45.33995,52.45,51.76189,50.02114,90.64099,44.71789,50.86761
1/7/2020,45.595,52.73495,52.03279,50.2926,91.14992,44.96461,51.16126
1/8/2020,45.72633,52.87525,52.179,50.4173,91.39597,45.08396,51.22241
1/9/2020,45.54688,52.66514,51.9735,50.22626,91.01321,44.90458,51.02026
1/10/2020,45.62143,52.75306,52.06076,50.29549,91.15519,44.97794,51.08043
1/11/2020,45.62143,52.75306,52.06076,50.29549,91.15519,44.97794,51.08043
1/12/2020,45.62143,52.75306,52.06076,50.29549,91.15519,44.97794,51.08043
1/13/2020,45.7498,52.91147,52.24089,50.43264,91.41011,45.09496,51.21919
1/14/2020,46.02473,53.22883,52.54132,50.74254,91.95065,45.3647,51.5172
1/15/2020,45.88829,53.08365,52.40482,50.5954,91.68912,45.23874,51.47384
1/16/2020,45.84594,53.05424,52.36235,50.55536,91.65042,45.20316,51.43938
1/17/2020,45.99475,53.22613,52.51546,50.71618,91.94231,45.34196,51.60327
1/18/2020,45.99475,53.22613,52.51546,50.71618,91.94231,45.34196,51.60327
1/19/2020,45.99475,53.22613,52.51546,50.71618,91.94231,45.34196,51.60327
1/20/2020,46.10654,53.34787,52.6271,50.8317,92.15313,45.45845,51.6927
1/21/2020,46.10785,53.35069,52.63778,50.82354,92.16037,45.46731,51.69183
1/22/2020,45.83568,53.03795,52.36623,50.54641,91.66875,45.19238,51.38122
1/23/2020,45.86335,53.07131,52.39493,50.55811,91.69929,45.21194,51.39259
1/24/2020,45.65537,52.83897,52.15957,50.33295,91.28649,45.0071,51.17905
1/25/2020,45.65537,52.83897,52.15957,50.33295,91.28649,45.0071,51.17905
1/26/2020,45.65537,52.83897,52.15957,50.33295,91.28649,45.0071,51.17905
1/27/2020,45.72527,52.90227,52.23745,50.3819,91.38967,45.06803,51.20513
1/28/2020,45.67564,52.85816,52.20091,50.29812,91.33876,45.03334,51.22651
1/29/2020,45.7702,52.96988,52.29864,50.4162,91.49103,45.131,51.30237
1/30/2020,45.71234,52.91395,52.24614,50.366,91.37619,45.07215,51.19374
1/31/2020,45.71384,52.92874,52.27519,50.37081,91.39007,45.05913,51.24784
2/1/2020,45.71384,52.92874,52.27519,50.37081,91.39007,45.05913,51.24784
2/2/2020,45.71384,52.92874,52.27519,50.37081,91.39007,45.05913,51.24784
2/3/2020,45.63927,52.84642,52.18337,50.25338,91.25242,44.98677,51.1389
2/4/2020,45.40875,52.56477,51.89551,49.97747,90.75703,44.75458,50.88875
2/5/2020,45.54979,52.72962,52.05666,50.14758,91.02227,44.8899,51.02708
2/6/2020,45.58003,52.77247,52.09337,50.1898,91.09917,44.92771,51.10036
2/7/2020,45.71315,52.93332,52.24603,50.3659,91.35976,45.06334,51.25443
2/8/2020,45.71315,52.93332,52.24603,50.3659,91.35976,45.06334,51.25443
2/9/2020,45.71315,52.93332,52.24603,50.3659,91.35976,45.06334,51.25443
2/10/2020,45.82374,53.04722,52.36969,50.47168,91.55982,45.17094,51.35556
2/11/2020,45.93953,53.16986,52.50757,50.56576,91.77722,45.27021,51.48001
2/12/2020,45.96673,53.2103,52.54099,50.58144,91.81608,45.30094,51.48869
2/13/2020,45.98988,53.24096,52.57009,50.61386,91.86536,45.32953,51.49965
2/14/2020,46.02304,53.28385,52.62424,50.64403,91.92726,45.36237,51.5279
2/15/2020,46.02304,53.28385,52.62424,50.64403,91.92726,45.36237,51.5279
2/16/2020,46.02304,53.28385,52.62424,50.64403,91.92726,45.36237,51.5279
2/17/2020,45.93065,53.18331,52.52057,50.53614,91.72292,45.2639,51.41866
2/18/2020,45.90291,53.1404,52.49114,50.50653,91.67271,45.23965,51.40495
2/19/2020,45.73196,52.94599,52.30366,50.29833,91.3216,45.07003,51.20053
2/20/2020,45.66374,52.86242,52.24017,50.23704,91.16666,44.99424,51.11266
2/21/2020,45.57689,52.74028,52.15401,50.10794,90.98675,44.88186,51.00666
2/22/2020,45.57689,52.74028,52.15401,50.10794,90.98675,44.88186,51.00666
2/23/2020,45.57689,52.74028,52.15401,50.10794,90.98675,44.88186,51.00666
2/24/2020,45.45723,52.58502,52.0364,49.96014,90.72541,44.74963,50.85699
2/25/2020,45.09218,52.16731,51.65884,49.56302,90.01476,44.40874,50.45757
2/26/2020,44.93731,52.00287,51.48589,49.40007,89.75151,44.27383,50.27757
2/27/2020,44.70168,51.74097,51.21083,49.14097,89.26536,44.04672,50.1162
2/28/2020,44.22589,51.16388,50.71232,48.6202,88.37082,43.57603,49.63575
2/29/2020,44.22589,51.16388,50.71232,48.6202,88.37082,43.57603,49.63575
3/1/2020,44.22589,51.16388,50.71232,48.6202,88.37082,43.57603,49.63575
3/2/2020,43.84965,50.70304,50.25979,48.16834,87.57819,43.16354,49.29429
3/3/2020,44.14427,51.02983,50.60743,48.49644,88.0993,43.44903,49.56793
3/4/2020,44.34504,51.24763,50.85761,48.67943,88.44899,43.65294,49.63599
3/5/2020,44.85999,51.88497,51.44021,49.30275,89.49747,44.19755,50.31692
3/6/2020,44.96857,52.00427,51.59189,49.41268,89.74291,44.31567,50.45042
3/7/2020,44.96857,52.00427,51.59189,49.41268,89.74291,44.31567,50.45042
3/8/2020,44.96857,52.00427,51.59189,49.41268,89.74291,44.31567,50.45042
3/9/2020,44.73554,51.71655,51.27425,49.07647,89.25201,44.05919,50.23851
3/10/2020,44.02446,50.94502,50.52373,48.33183,87.96801,43.38637,49.5459
3/11/2020,44.02169,50.89819,50.48149,48.29294,87.80065,43.32362,49.38231
3/12/2020,43.55719,50.36968,50.00383,47.79622,86.90806,42.90884,48.89868
3/13/2020,41.88239,48.43291,48.2385,46.02648,83.61789,41.22588,47.18716
3/14/2020,41.88239,48.43291,48.2385,46.02648,83.61789,41.22588,47.18716
3/15/2020,41.88239,48.43291,48.2385,46.02648,83.61789,41.22588,47.18716
3/16/2020,41.99967,48.45835,48.27118,46.15594,83.6965,41.29441,47.21098
3/17/2020,41.06735,47.29618,47.28054,44.98795,81.78599,40.36449,46.26535
3/18/2020,40.97906,47.28427,47.16043,45.04603,81.66141,40.29906,46.28083
3/19/2020,39.61385,45.721,45.67839,43.5162,79.09442,38.91634,44.76772
3/20/2020,39.12965,45.04972,45.09425,42.94326,78.00489,38.39702,44.07573
3/21/2020,39.12965,45.04972,45.09425,42.94326,78.00489,38.39702,44.07573
3/22/2020,39.12965,45.04972,45.09425,42.94326,78.00489,38.39702,44.07573
3/23/2020,39.03082,44.86394,44.99621,42.76662,77.78712,38.27009,43.85681
3/24/2020,38.30241,44.06021,44.20443,41.96899,76.41163,37.51886,43.09379
3/25/2020,38.65004,44.40565,44.49133,42.37658,76.98481,37.86732,43.37492
3/26/2020,39.33316,45.13077,45.27374,43.12301,78.35163,38.59038,44.28966
3/27/2020,39.94694,45.88939,45.92822,43.86299,79.63681,39.27174,45.09198
3/28/2020,39.94694,45.88939,45.92822,43.86299,79.63681,39.27174,45.09198
3/29/2020,39.94694,45.88939,45.92822,43.86299,79.63681,39.27174,45.09198
3/30/2020,39.71231,45.66119,45.67049,43.58349,79.21287,39.01555,44.86855
3/31/2020,39.94142,45.91347,45.94475,43.87072,79.64984,39.24263,44.79162
4/1/2020,40.23744,46.25882,46.29118,44.22532,80.24177,39.5672,45.19419
4/2/2020,40.29055,46.3157,46.37483,44.21121,80.2733,39.59647,45.18085
4/3/2020,40.45444,46.50194,46.54655,44.43779,80.61205,39.76159,45.386
4/4/2020,40.45444,46.50194,46.54655,44.43779,80.61205,39.76159,45.386
4/5/2020,40.45444,46.50194,46.54655,44.43779,80.61205,39.76159,45.386
4/6/2020,40.35524,46.37921,46.44666,44.29439,80.35845,39.67275,45.22499
4/7/2020,40.68041,46.78781,46.81058,44.70827,81.07079,40.03455,45.69942
4/8/2020,40.90236,46.99819,47.06194,44.92231,81.49694,40.26263,45.92152
4/9/2020,41.28913,47.48023,47.53639,45.42291,82.31304,40.64255,46.45375
4/10/2020,41.28913,47.48023,47.53639,45.42291,82.31304,40.64255,46.45375
4/11/2020,41.28913,47.48023,47.53639,45.42291,82.31304,40.64255,46.45375
4/12/2020,41.28913,47.48023,47.53639,45.42291,82.31304,40.64255,46.45375
4/13/2020,41.57947,47.82833,47.83936,45.69925,82.88301,40.97373,46.76832
4/14/2020,41.81803,48.09378,48.1196,45.95458,83.3813,41.21221,46.95809
4/15/2020,42.21328,48.56441,48.56695,46.3843,84.16497,41.59228,47.26598
4/16/2020,42.28785,48.56131,48.61641,46.3488,84.24807,41.60988,47.21849
4/17/2020,42.19529,48.47493,48.52338,46.24443,84.06299,41.53298,47.08015
4/18/2020,42.19529,48.47493,48.52338,46.24443,84.06299,41.53298,47.08015
4/19/2020,42.19529,48.47493,48.52338,46.24443,84.06299,41.53298,47.08015
4/20/2020,42.49526,48.82571,48.86315,46.59524,84.67598,41.83678,47.46377
4/21/2020,42.4664,48.79145,48.79414,46.58697,84.59673,41.82595,47.433
4/22/2020,42.27477,48.53232,48.57427,46.29873,84.18179,41.61893,47.12396
4/23/2020,42.36941,48.65928,48.67616,46.42599,84.36659,41.72182,47.25809
4/24/2020,42.53536,48.85889,48.86841,46.62033,84.69827,41.90336,47.45261
4/25/2020,42.53536,48.85889,48.86841,46.62033,84.69827,41.90336,47.45261
4/26/2020,42.53536,48.85889,48.86841,46.62033,84.69827,41.90336,47.45261
4/27/2020,42.4804,48.78358,48.82466,46.54025,84.58303,41.83203,47.384
4/28/2020,42.82107,49.17982,49.20842,46.95723,85.29217,42.18177,47.84095
4/29/2020,42.94963,49.32853,49.35377,47.13781,85.57079,42.33136,48.0192
4/30/2020,43.0546,49.44241,49.46659,47.31431,85.73386,42.46299,48.15635
5/1/2020,43.0546,49.44241,49.46659,47.31431,85.73386,42.46299,48.15635
5/2/2020,43.0546,49.44241,49.46659,47.31431,85.73386,42.46299,48.15635
5/3/2020,43.0546,49.44241,49.46659,47.31431,85.73386,42.46299,48.15635
5/4/2020,42.98634,49.38618,49.36872,47.21602,85.64917,42.41229,48.03501
5/5/2020,42.74314,49.11183,49.11256,46.96327,85.16165,42.1368,47.76007
5/6/2020,42.88259,49.25285,49.27803,47.12054,85.43524,42.3092,47.912
5/7/2020,43.06276,49.42858,49.48206,47.26987,85.75607,42.47948,48.05787
5/8/2020,43.16086,49.54021,49.59872,47.39244,85.94858,42.5959,48.19247
5/9/2020,43.16086,49.54021,49.59872,47.39244,85.94858,42.5959,48.19247
5/10/2020,43.16086,49.54021,49.59872,47.39244,85.94858,42.5959,48.19247
5/11/2020,43.19444,49.60496,49.63721,47.469,86.00391,42.62888,48.26801
5/12/2020,43.25649,49.63871,49.71806,47.52256,86.09765,42.68357,48.28934
5/13/2020,43.27755,49.66068,49.73314,47.53798,86.1501,42.71056,48.29846
5/14/2020,43.03575,49.39721,49.46619,47.26045,85.7101,42.46244,48.04643
5/15/2020,42.98663,49.34647,49.37168,47.18144,85.59485,42.39339,47.96524
5/16/2020,42.98663,49.34647,49.37168,47.18144,85.59485,42.39339,47.96524
5/17/2020,42.98663,49.34647,49.37168,47.18144,85.59485,42.39339,47.96524
5/18/2020,43.13395,49.51561,49.54766,47.37343,85.88066,42.56077,48.14431
5/19/2020,43.62895,50.04826,50.10106,47.97789,86.86119,43.05231,48.72876
5/20/2020,43.78383,50.22947,50.28414,48.13102,87.1752,43.21734,48.88078
5/21/2020,43.78383,50.22947,50.28414,48.13102,87.1752,43.21734,48.88078
5/22/2020,43.73169,50.17989,50.20941,48.07349,87.05704,43.17859,48.83864
5/23/2020,43.73169,50.17989,50.20941,48.07349,87.05704,43.17859,48.83864
5/24/2020,43.73169,50.17989,50.20941,48.07349,87.05704,43.17859,48.83864
5/25/2020,43.91716,50.36009,50.38409,48.27515,87.49505,43.39042,49.03394
5/26/2020,44.06887,50.52044,50.53699,48.44341,87.79838,43.54918,49.19375
5/27/2020,44.10967,50.59822,50.60477,48.50625,87.86968,43.59783,49.24948
5/28/2020,44.06837,50.5512,50.53516,48.46384,87.69764,43.52244,49.16831
5/29/2020,44.27854,50.77735,50.77429,48.68562,88.16308,43.73626,49.42045
5/30/2020,44.27854,50.77735,50.77429,48.68562,88.16308,43.73626,49.42045
5/31/2020,44.27854,50.77735,50.77429,48.68562,88.16308,43.73626,49.42045
6/1/2020,44.24475,50.73419,50.7422,48.63307,88.11366,43.68614,49.32817
6/2/2020,44.31789,50.76881,50.78372,48.62561,88.17059,43.74125,49.38987
6/3/2020,44.37376,50.82508,50.84531,48.67861,88.23484,43.79759,49.40152
6/4/2020,44.25042,50.67865,50.6999,48.5273,88.00096,43.69785,49.3511
6/5/2020,44.22345,50.65465,50.65229,48.48579,87.91183,43.64789,49.27567
6/6/2020,44.22345,50.65465,50.65229,48.48579,87.91183,43.64789,49.27567
6/7/2020,44.22345,50.65465,50.65229,48.48579,87.91183,43.64789,49.27567
6/8/2020,44.15717,50.62064,50.53672,48.43764,87.79334,43.58428,49.27388
6/9/2020,44.26452,50.7521,50.61071,48.51697,87.92454,43.64261,49.35665
6/10/2020,44.34534,50.81217,50.70498,48.58764,88.06032,43.71725,49.44193
6/11/2020,44.47095,50.95065,50.91846,48.71349,88.35074,43.87032,49.57579
6/12/2020,44.31168,50.77073,50.79064,48.54632,88.0822,43.7348,49.30535
6/13/2020,44.31168,50.77073,50.79064,48.54632,88.0822,43.7348,49.30535
6/14/2020,44.31168,50.77073,50.79064,48.54632,88.0822,43.7348,49.30535
6/15/2020,44.34585,50.79294,50.77781,48.58539,88.10086,43.74316,49.42487
6/16/2020,44.37395,50.78597,50.75471,48.58924,88.08105,43.74749,49.41519
6/17/2020,44.21386,50.64943,50.62565,48.44455,87.8403,43.61005,49.25664
6/18/2020,44.7639,51.2521,51.24162,49.05944,88.89214,44.15072,49.81453
6/19/2020,45.29911,51.83449,51.88177,49.64255,89.96866,44.68443,50.40858
6/20/2020,45.29911,51.83449,51.88177,49.64255,89.96866,44.68443,50.40858
6/21/2020,45.29911,51.83449,51.88177,49.64255,89.96866,44.68443,50.40858
6/22/2020,45.73573,52.33143,52.38273,50.15925,90.87901,45.14819,50.93394
6/23/2020,45.62379,52.21072,52.2417,49.99486,90.64478,45.02148,50.77107
6/24/2020,45.84726,52.45224,52.48779,50.24659,91.05309,45.24341,51.00531
6/25/2020,45.75656,52.32605,52.39272,50.10962,90.86089,45.14325,50.88358
6/26/2020,45.67578,52.21988,52.29949,50.00676,90.73629,45.08346,50.78626
6/27/2020,45.67578,52.21988,52.29949,50.00676,90.73629,45.08346,50.78626
6/28/2020,45.67578,52.21988,52.29949,50.00676,90.73629,45.08346,50.78626
6/29/2020,45.67578,52.21988,52.29949,50.00676,90.73629,45.08346,50.78626
6/30/2020,45.57037,52.08395,52.17209,49.87297,90.49845,44.96255,50.65441
7/1/2020,45.64599,52.17686,52.24944,49.97048,90.60756,44.99611,50.7412
7/2/2020,45.73388,52.27718,52.33957,50.07281,90.78974,45.10066,50.84259
7/3/2020,45.74053,52.30554,52.34196,50.09992,90.80978,45.08969,50.88028
7/4/2020,45.74053,52.30554,52.34196,50.09992,90.80978,45.08969,50.88028
7/5/2020,45.74053,52.30554,52.34196,50.09992,90.80978,45.08969,50.88028
7/6/2020,45.90505,52.47744,52.5215,50.27731,91.13561,45.25191,51.04989
7/7/2020,46.23036,52.87686,52.8973,50.73132,91.82992,45.59322,51.48937
7/8/2020,46.19222,52.83046,52.87209,50.6744,91.76691,45.55545,51.40778
7/9/2020,46.17745,52.84548,52.90165,50.65863,91.78543,45.55173,51.41587
7/10/2020,45.83489,52.46168,52.51628,50.23757,91.12454,45.20647,51.04026
7/11/2020,45.83489,52.46168,52.51628,50.23757,91.12454,45.20647,51.04026
7/12/2020,45.83489,52.46168,52.51628,50.23757,91.12454,45.20647,51.04026
7/13/2020,46.00615,52.60935,52.69762,50.39706,91.39874,45.35552,51.20351
7/14/2020,45.92646,52.52493,52.62631,50.30393,91.23297,45.27992,51.17617
7/15/2020,45.94564,52.54455,52.59878,50.32747,91.25279,45.29158,51.17882
7/16/2020,45.94564,52.54455,52.59878,50.32747,91.25279,45.29158,51.17882
7/17/2020,45.73681,52.30595,52.33076,50.12958,90.82459,45.07422,50.92297
7/18/2020,45.73681,52.30595,52.33076,50.12958,90.82459,45.07422,50.92297
7/19/2020,45.73681,52.30595,52.33076,50.12958,90.82459,45.07422,50.92297
7/20/2020,45.54014,52.07158,52.10036,49.88777,90.4071,44.85427,50.70157
7/21/2020,45.63977,52.18019,52.21034,49.94042,90.58309,44.95387,50.7433
7/22/2020,45.66978,52.2516,52.27298,50.01218,90.6692,45.0152,50.82982
7/23/2020,45.57131,52.1425,52.14597,49.89306,90.46957,44.93533,50.7349
7/24/2020,45.57225,52.18129,52.21212,49.97004,90.54471,44.96997,50.86422
7/25/2020,45.57225,52.18129,52.21212,49.97004,90.54471,44.96997,50.86422
7/26/2020,45.57225,52.18129,52.21212,49.97004,90.54471,44.96997,50.86422
7/27/2020,45.62877,52.23191,52.2184,50.01407,90.61845,45.00789,50.89291
7/28/2020,45.73937,52.34397,52.34591,50.12952,90.84343,45.10136,51.00385
7/29/2020,45.79264,52.38515,52.38931,50.18199,90.92997,45.14605,51.03831
7/30/2020,45.62905,52.22557,52.23537,49.95566,90.59744,44.99045,50.87987
7/31/2020,45.36367,51.88021,51.90801,49.63775,90.03328,44.70045,50.52916
8/1/2020,45.36367,51.88021,51.90801,49.63775,90.03328,44.70045,50.52916
8/2/2020,45.36367,51.88021,51.90801,49.63775,90.03328,44.70045,50.52916
8/3/2020,45.49133,52.02811,52.07513,49.78346,90.2753,44.83548,50.68453
8/4/2020,45.62612,52.18765,52.25491,49.93289,90.5665,44.98811,50.84663
8/5/2020,45.92057,52.5301,52.57647,50.28786,91.15248,45.2863,51.18459
8/6/2020,46.2472,52.94451,52.96917,50.66723,91.81023,45.63755,51.59114
8/7/2020,46.25234,52.96364,52.98044,50.67862,91.79589,45.64994,51.57659
8/8/2020,46.25234,52.96364,52.98044,50.67862,91.79589,45.64994,51.57659
8/9/2020,46.25234,52.96364,52.98044,50.67862,91.79589,45.64994,51.57659
8/10/2020,46.29505,52.98756,53.02871,50.73097,91.83012,45.69837,51.59196
8/11/2020,46.6682,53.37005,53.39969,51.11077,92.49698,46.05512,51.92748
8/12/2020,46.69065,53.38602,53.4266,51.18194,92.55196,46.07676,51.99419
8/13/2020,46.73015,53.43318,53.46834,51.22327,92.6016,46.10056,52.04492
8/14/2020,46.85663,53.57988,53.6286,51.36864,92.88204,46.23831,52.18396
8/15/2020,46.85663,53.57988,53.6286,51.36864,92.88204,46.23831,52.18396
8/16/2020,46.85663,53.57988,53.6286,51.36864,92.88204,46.23831,52.18396
8/17/2020,46.94446,53.67139,53.71485,51.44012,93.04595,46.31565,52.24752
8/18/2020,47.15381,53.91024,53.95645,51.6553,93.44979,46.52081,52.48149
8/19/2020,47.02153,53.76294,53.8364,51.50565,93.21474,46.38108,52.31464
8/20/2020,46.70558,53.4118,53.4924,51.19513,92.62685,46.08346,51.99307
8/21/2020,46.68169,53.35213,53.44854,51.14112,92.54227,46.03207,51.91167
8/22/2020,46.68169,53.35213,53.44854,51.14112,92.54227,46.03207,51.91167
8/23/2020,46.68169,53.35213,53.44854,51.14112,92.54227,46.03207,51.91167
8/24/2020,46.91996,53.63538,53.71395,51.41305,93.02526,46.26734,52.15586
8/25/2020,47.04871,53.78557,53.87234,51.55654,93.26004,46.40735,52.29302
8/26/2020,47.07998,53.83447,53.9136,51.60383,93.32424,46.45097,52.31934
8/27/2020,47.24835,54.03189,54.11653,51.7888,93.65862,46.61553,52.51932
8/28/2020,47.18845,53.94842,54.0658,51.71511,93.53559,46.56016,52.44524
8/29/2020,47.18845,53.94842,54.0658,51.71511,93.53559,46.56016,52.44524
8/30/2020,47.18845,53.94842,54.0658,51.71511,93.53559,46.56016,52.44524
8/31/2020,47.16598,53.92406,54.06085,51.67392,93.4873,46.54004,52.40201
9/1/2020,46.93279,53.6596,53.7857,51.40403,93.0234,46.29922,52.11891
9/2/2020,46.9538,53.69946,53.84603,51.42211,93.10401,46.33797,52.15585
9/3/2020,47.00277,53.75529,53.89172,51.48486,93.16881,46.36987,52.20209
9/4/2020,46.89321,53.61484,53.76418,51.36065,92.96406,46.26818,52.06189
9/5/2020,46.89321,53.61484,53.76418,51.36065,92.96406,46.26818,52.06189
9/6/2020,46.89321,53.61484,53.76418,51.36065,92.96406,46.26818,52.06189
9/7/2020,46.65463,53.35321,53.4733,51.1101,92.51034,46.0334,51.81297
9/8/2020,46.60643,53.29229,53.3947,51.05832,92.39721,45.97755,51.80384
9/9/2020,46.44779,53.11791,53.20609,50.91072,92.11234,45.81543,51.62443
9/10/2020,46.27346,52.93256,53.00592,50.70092,91.74963,45.63626,51.41703
9/11/2020,46.08476,52.71864,52.80279,50.48435,91.36555,45.45565,51.19602
9/12/2020,46.08476,52.71864,52.80279,50.48435,91.36555,45.45565,51.19602
9/13/2020,46.08476,52.71864,52.80279,50.48435,91.36555,45.45565,51.19602
9/14/2020,46.11108,52.74239,52.83766,50.47477,91.40968,45.44157,51.21074
9/15/2020,46.31577,52.98978,53.06766,50.69833,91.80314,45.65065,51.42288
9/16/2020,46.27527,52.94483,53.03406,50.63273,91.72023,45.61172,51.37266
9/17/2020,46.28287,52.96928,53.04275,50.64933,91.72485,45.63102,51.3872
9/18/2020,46.28287,52.96928,53.04275,50.64933,91.72485,45.63102,51.3872
9/19/2020,46.28287,52.96928,53.04275,50.64933,91.72485,45.63102,51.3872
9/20/2020,46.28287,52.96928,53.04275,50.64933,91.72485,45.63102,51.3872
9/21/2020,46.1417,52.82104,52.88535,50.48252,91.43427,45.47659,51.20898
9/22/2020,45.98916,52.59863,52.69109,50.3144,91.11649,45.31126,51.00281
9/23/2020,45.95623,52.55754,52.64168,50.2774,91.07496,45.2845,50.96198
9/24/2020,45.86382,52.43078,52.59864,50.19598,90.87677,45.19067,50.89207
9/25/2020,45.71212,52.25728,52.39025,50.01084,90.57438,45.03016,50.69936
9/26/2020,45.71212,52.25728,52.39025,50.01084,90.57438,45.03016,50.69936
9/27/2020,45.71212,52.25728,52.39025,50.01084,90.57438,45.03016,50.69936
9/28/2020,45.6307,52.15808,52.28222,49.92504,90.41754,44.94834,50.61286
9/29/2020,45.65425,52.19993,52.32038,49.9562,90.44475,44.95543,50.66623
9/30/2020,45.6013,52.12747,52.26613,49.90153,90.33705,44.88444,50.57285
10/1/2020,45.80998,52.36197,52.49365,50.11729,90.7442,45.08991,50.79636
10/2/2020,45.88391,52.451,52.5883,50.19999,90.90423,45.17367,50.87182
10/3/2020,45.88391,52.451,52.5883,50.19999,90.90423,45.17367,50.87182
10/4/2020,45.88391,52.451,52.5883,50.19999,90.90423,45.17367,50.87182
10/5/2020,46.09047,52.68583,52.8353,50.42962,91.3302,45.39946,51.11057
10/6/2020,46.35837,52.97398,53.12124,50.75187,91.84084,45.66343,51.38797
10/7/2020,46.40349,53.0311,53.18496,50.81428,91.94016,45.70816,51.44825
10/8/2020,46.36528,52.97681,53.13332,50.78337,91.86776,45.66341,51.38687
10/9/2020,46.66012,53.30015,53.45228,51.10352,92.4355,45.94793,51.67129
10/10/2020,46.66012,53.30015,53.45228,51.10352,92.4355,45.94793,51.67129
10/11/2020,46.66012,53.30015,53.45228,51.10352,92.4355,45.94793,51.67129
10/12/2020,46.66012,53.30015,53.45228,51.10352,92.4355,45.94793,51.67129
10/13/2020,47.07014,53.77078,53.94237,51.57206,93.24687,46.35012,52.14179
10/14/2020,47.07033,53.76884,53.95577,51.55587,93.26413,46.35139,52.14811
10/15/2020,47.11546,53.82446,54.02891,51.60835,93.34756,46.40183,52.20155
10/16/2020,46.95646,53.63454,53.83832,51.42751,93.03488,46.24244,52.03365
10/17/2020,46.95646,53.63454,53.83832,51.42751,93.03488,46.24244,52.03365
10/18/2020,46.95646,53.63454,53.83832,51.42751,93.03488,46.24244,52.03365
10/19/2020,46.86985,53.51584,53.75611,51.34146,92.85809,46.15448,51.93594
10/20/2020,46.73156,53.36399,53.60362,51.20842,92.61059,46.0141,51.77812
10/21/2020,46.75912,53.40189,53.64783,51.22206,92.66946,46.04675,51.81288
10/22/2020,46.74999,53.40605,53.65003,51.20228,92.65491,46.04747,51.83351
10/23/2020,46.6815,53.33809,53.55824,51.14462,92.53062,45.9838,51.78069
10/24/2020,46.6815,53.33809,53.55824,51.14462,92.53062,45.9838,51.78069
10/25/2020,46.6815,53.33809,53.55824,51.14462,92.53062,45.9838,51.78069
10/26/2020,46.61478,53.25643,53.45913,51.08546,92.40388,45.91439,51.72303
10/27/2020,46.49593,53.1158,53.32692,50.9611,92.17533,45.81776,51.60977
10/28/2020,46.26074,52.86769,53.08862,50.70837,91.7519,45.58408,51.33782
10/29/2020,45.99187,52.56633,52.8202,50.42125,91.26605,45.33042,51.02805
10/30/2020,45.83163,52.38558,52.62407,50.21517,90.93516,45.17455,50.8573
10/31/2020,45.83163,52.38558,52.62407,50.21517,90.93516,45.17455,50.8573
11/1/2020,45.83163,52.38558,52.62407,50.21517,90.93516,45.17455,50.8573
11/2/2020,45.66902,52.21672,52.44181,50.01504,90.62175,45.02013,50.67557
11/3/2020,45.74086,52.27906,52.52288,50.08666,90.70711,45.07585,50.73179
11/4/2020,45.77078,52.3191,52.55998,50.13975,90.75808,45.117,50.75077
11/5/2020,46.00735,52.59033,52.84662,50.38446,91.25069,45.35484,51.03486
11/6/2020,46.59193,53.24522,53.45367,51.02844,92.33691,45.89363,51.642
11/7/2020,46.59193,53.24522,53.45367,51.02844,92.33691,45.89363,51.642
11/8/2020,46.59193,53.24522,53.45367,51.02844,92.33691,45.89363,51.642
11/9/2020,46.94205,53.65416,53.85709,51.41065,93.03802,46.24006,52.07745
11/10/2020,47.31558,54.07569,54.22329,51.78106,93.68739,46.58473,52.44559
11/11/2020,47.21048,53.92676,54.06305,51.68641,93.45849,46.5025,52.361
11/12/2020,47.11676,53.8251,53.94606,51.58833,93.29246,46.42038,52.27013
11/13/2020,47.11574,53.80875,53.94753,51.56435,93.3068,46.3927,52.22077
11/14/2020,47.11574,53.80875,53.94753,51.56435,93.3068,46.3927,52.22077
11/15/2020,47.11574,53.80875,53.94753,51.56435,93.3068,46.3927,52.22077
11/16/2020,47.38312,54.13191,54.24487,51.86534,93.82955,46.66019,52.52422
11/17/2020,47.76385,54.55596,54.63422,52.26993,94.52348,47.02099,52.90651
11/18/2020,47.69032,54.47519,54.54498,52.18993,94.38759,46.95126,52.83514
11/19/2020,47.53058,54.30859,54.38164,52.01885,94.08504,46.78627,52.66621
11/20/2020,47.45161,54.22319,54.28906,51.92816,93.92388,46.69949,52.58613
11/21/2020,47.45161,54.22319,54.28906,51.92816,93.92388,46.69949,52.58613
11/22/2020,47.45161,54.22319,54.28906,51.92816,93.92388,46.69949,52.58613
11/23/2020,47.67628,54.48839,54.54684,52.15376,94.36667,46.92263,52.80815
11/24/2020,47.9748,54.83222,54.87968,52.47768,94.95095,47.22363,53.12594
11/25/2020,48.3229,55.23002,55.27093,52.83673,95.59819,47.56416,53.50619
11/26/2020,48.21208,55.10545,55.15281,52.7301,95.3886,47.45899,53.38846
11/27/2020,48.0915,54.96954,55.0324,52.60061,95.16365,47.32927,53.26226
11/28/2020,48.0915,54.96954,55.0324,52.60061,95.16365,47.32927,53.26226
11/29/2020,48.0915,54.96954,55.0324,52.60061,95.16365,47.32927,53.26226
11/30/2020,48.20275,55.11003,55.15955,52.7428,95.39324,47.44319,53.37213
12/1/2020,47.94198,54.80426,54.87906,52.46784,94.91018,47.1834,53.04198
12/2/2020,48.02042,54.87917,54.96221,52.55602,95.00462,47.24029,53.12793
12/3/2020,47.90751,54.73169,54.83435,52.42019,94.74188,47.11056,52.9828
12/4/2020,47.95788,54.79883,54.8953,52.47308,94.8364,47.1601,53.03678
12/5/2020,47.95788,54.79883,54.8953,52.47308,94.8364,47.1601,53.03678
12/6/2020,47.95788,54.79883,54.8953,52.47308,94.8364,47.1601,53.03678
12/7/2020,47.93998,54.79146,54.86182,52.44902,94.76509,47.12336,53.02168
12/8/2020,47.93998,54.79146,54.86182,52.44902,94.76509,47.12336,53.02168
12/9/2020,47.80802,54.60672,54.70949,52.30576,94.48563,46.97664,52.81856
12/10/2020,47.62974,54.39661,54.51505,52.10877,94.14303,46.8085,52.62177
12/11/2020,47.60488,54.37577,54.47123,52.0838,94.06974,46.79124,52.59938
12/12/2020,47.60488,54.37577,54.47123,52.0838,94.06974,46.79124,52.59938
12/13/2020,47.60488,54.37577,54.47123,52.0838,94.06974,46.79124,52.59938
12/14/2020,47.43517,54.18691,54.28072,51.87797,93.74615,46.6182,52.4111
12/15/2020,47.4189,54.17627,54.28258,51.86794,93.72375,46.61834,52.40029
12/16/2020,47.59876,54.3895,54.47972,52.08097,94.07955,46.80711,52.6071
12/17/2020,47.82256,54.64898,54.7481,52.29461,94.52364,47.03321,52.87587
12/18/2020,47.89551,54.74494,54.81704,52.4226,94.70359,47.09959,52.95852
12/19/2020,47.89551,54.74494,54.81704,52.4226,94.70359,47.09959,52.95852
12/20/2020,47.89551,54.74494,54.81704,52.4226,94.70359,47.09959,52.95852
12/21/2020,47.9303,54.79736,54.85428,52.47062,94.82492,47.14248,53.02191
12/22/2020,47.91421,54.75755,54.85021,52.43547,94.80466,47.12133,53.02118
12/23/2020,47.90852,54.74781,54.86395,52.46232,94.78558,47.11999,53.01296
12/24/2020,47.71617,54.53348,54.6244,52.26988,94.41367,46.91614,52.78239
12/25/2020,47.71617,54.53348,54.6244,52.26988,94.41367,46.91614,52.78239
12/26/2020,47.71617,54.53348,54.6244,52.26988,94.41367,46.91614,52.78239
12/27/2020,47.71617,54.53348,54.6244,52.26988,94.41367,46.91614,52.78239
12/28/2020,47.59541,54.39279,54.46938,52.15252,94.14702,46.76627,52.64742
12/29/2020,47.69397,54.51512,54.56644,52.25977,94.34293,46.87362,52.76532
12/30/2020,47.86851,54.68948,54.77894,52.43521,94.67271,47.051,52.92616
12/31/2020,48.06216,54.94095,55.00662,52.66297,95.0996,47.26091,53.18506
1/1/2021,48.06216,54.94095,55.00662,52.66297,95.0996,47.26091,53.18506
1/2/2021,48.06216,54.94095,55.00662,52.66297,95.0996,47.26091,53.18506
1/3/2021,48.06216,54.94095,55.00662,52.66297,95.0996,47.26091,53.18506
1/4/2021,48.15557,55.04574,55.10328,52.76209,95.26894,47.35125,53.2676
1/5/2021,48.14648,55.04024,55.08868,52.72355,95.26064,47.34447,53.23498
1/6/2021,48.27372,55.18165,55.22442,52.88011,95.50634,47.46618,53.40363
1/7/2021,48.29699,55.21225,55.26968,52.92946,95.51561,47.47831,53.46435
1/8/2021,48.73702,55.71759,55.7381,53.42752,96.3647,47.92645,53.93246
1/9/2021,48.73702,55.71759,55.7381,53.42752,96.3647,47.92645,53.93246
1/10/2021,48.73702,55.71759,55.7381,53.42752,96.3647,47.92645,53.93246
1/11/2021,49.09989,56.14871,56.17584,53.80817,97.08342,48.3042,54.34624
1/12/2021,49.0714,56.10516,56.12045,53.79474,97.00735,48.25574,54.29549
1/13/2021,49.43125,56.4856,56.50584,54.18612,97.65267,48.61637,54.6762
1/14/2021,49.91749,57.01044,57.03148,54.69516,98.57161,49.09228,55.19955
1/15/2021,49.83458,56.92912,56.96207,54.6,98.39193,49.02535,55.12376
1/16/2021,49.83458,56.92912,56.96207,54.6,98.39193,49.02535,55.12376
1/17/2021,49.83458,56.92912,56.96207,54.6,98.39193,49.02535,55.12376
1/18/2021,49.7181,56.80044,56.82932,54.45753,98.21617,48.92432,54.98931
1/19/2021,49.78507,56.86489,56.91731,54.54086,98.351,48.98899,55.05014
1/20/2021,49.9379,57.04053,57.09124,54.71999,98.64226,49.16125,55.21006
1/21/2021,50.03392,57.15378,57.21533,54.8352,98.84362,49.27492,55.35801
1/22/2021,49.71864,56.79337,56.85958,54.50028,98.22329,48.96575,55.00301
1/23/2021,49.71864,56.79337,56.85958,54.50028,98.22329,48.96575,55.00301
1/24/2021,49.71864,56.79337,56.85958,54.50028,98.22329,48.96575,55.00301
1/25/2021,49.81016,56.89709,56.97948,54.61383,98.42659,49.07491,55.08397
1/26/2021,50.16567,57.30345,57.37049,55.01566,99.11701,49.43512,55.48564
1/27/2021,50.02297,57.15174,57.22571,54.87749,98.82493,49.30945,55.33382
1/28/2021,49.90195,57.02261,57.05379,54.71199,98.6345,49.17415,55.19984
1/29/2021,49.86795,57.0069,57.00425,54.69806,98.56398,49.14281,55.13775
1/30/2021,49.86795,57.0069,57.00425,54.69806,98.56398,49.14281,55.13775
1/31/2021,49.86795,57.0069,57.00425,54.69806,98.56398,49.14281,55.13775
2/1/2021,49.46735,56.52581,56.54025,54.22973,97.7932,48.7157,54.64036
2/2/2021,49.61843,56.71932,56.74021,54.35307,98.04889,48.89428,54.81244
2/3/2021,50.09904,57.27626,57.3044,54.88715,99.00259,49.38522,55.38585
2/4/2021,50.07706,57.24908,57.30238,54.87163,98.96798,49.38085,55.3318
2/5/2021,50.26842,57.49063,57.51439,55.12343,99.39113,49.59522,55.5757
2/6/2021,50.26842,57.49063,57.51439,55.12343,99.39113,49.59522,55.5757
2/7/2021,50.26842,57.49063,57.51439,55.12343,99.39113,49.59522,55.5757
2/8/2021,50.46295,57.70789,57.7373,55.3214,99.74418,49.788,55.77442
2/9/2021,50.62793,57.88918,57.92677,55.51583,100.05441,49.95273,55.92533
2/10/2021,50.7689,58.02674,58.09488,55.6423,100.25991,50.07685,56.05666
2/11/2021,50.86839,58.12815,58.19122,55.73826,100.41483,50.17288,56.15191
2/12/2021,50.79813,58.05445,58.10046,55.67743,100.27659,50.10547,56.08826
2/13/2021,50.79813,58.05445,58.10046,55.67743,100.27659,50.10547,56.08826
2/14/2021,50.79813,58.05445,58.10046,55.67743,100.27659,50.10547,56.08826
2/15/2021,50.93486,58.21723,58.25903,55.8203,100.54215,50.24366,56.21475
2/16/2021,50.84979,58.10927,58.14307,55.70308,100.34787,50.13974,56.06998
2/17/2021,50.75212,57.99432,58.05196,55.61413,100.17718,50.02845,55.97197
2/18/2021,50.62111,57.841,57.89123,55.45211,99.88462,49.87496,55.82239
2/19/2021,50.13351,57.29128,57.33662,54.89316,98.95938,49.39672,55.25425
2/20/2021,50.13351,57.29128,57.33662,54.89316,98.95938,49.39672,55.25425
2/21/2021,50.13351,57.29128,57.33662,54.89316,98.95938,49.39672,55.25425
2/22/2021,49.95316,57.0802,57.14294,54.6889,98.56939,49.19369,55.04818
2/23/2021,49.56466,56.64587,56.69791,54.28937,97.8535,48.81592,54.58818
2/24/2021,49.26172,56.27152,56.3108,53.94149,97.19674,48.47475,54.25705
2/25/2021,48.9849,55.9527,55.98486,53.61617,96.64987,48.18071,53.95626
2/26/2021,48.87652,55.81307,55.85868,53.49095,96.43096,48.05212,53.81337
2/27/2021,48.87652,55.81307,55.85868,53.49095,96.43096,48.05212,53.81337
2/28/2021,48.87652,55.81307,55.85868,53.49095,96.43096,48.05212,53.81337
3/1/2021,48.82525,55.76938,55.77585,53.46467,96.34219,48.00389,53.76906
3/2/2021,49.24215,56.24483,56.26809,53.94237,97.12426,48.42267,54.2608
3/3/2021,49.49553,56.54708,56.56526,54.20248,97.63776,48.71144,54.53538
3/4/2021,49.58229,56.64116,56.62581,54.25803,97.74811,48.77713,54.62085
3/5/2021,49.1758,56.20002,56.17951,53.79192,96.97009,48.39913,54.13139
3/6/2021,49.1758,56.20002,56.17951,53.79192,96.97009,48.39913,54.13139
3/7/2021,49.1758,56.20002,56.17951,53.79192,96.97009,48.39913,54.13139
3/8/2021,48.94302,55.91673,55.91175,53.51957,96.4393,48.11298,53.80743
3/9/2021,48.65435,55.62111,55.60992,53.22225,95.90339,47.82381,53.53975
3/10/2021,48.70384,55.67657,55.66481,53.2625,96.00186,47.89168,53.5807
3/11/2021,48.8488,55.84359,55.83742,53.41418,96.30143,48.03183,53.75206
3/12/2021,48.95157,55.93897,55.92432,53.52429,96.46941,48.11388,53.84025
3/13/2021,48.95157,55.93897,55.92432,53.52429,96.46941,48.11388,53.84025
3/14/2021,48.95157,55.93897,55.92432,53.52429,96.46941,48.11388,53.84025
3/15/2021,48.80574,55.79322,55.78566,53.37227,96.23143,47.96785,53.66751
3/16/2021,48.81362,55.80837,55.81597,53.38622,96.25802,47.97333,53.68287
3/17/2021,48.96614,55.97995,55.99474,53.579,96.58308,48.1459,53.86444
3/18/2021,49.12311,56.15702,56.16741,53.74256,96.90885,48.30484,54.0353
3/19/2021,48.85958,55.84547,55.86799,53.40358,96.3633,48.02031,53.70073
3/20/2021,48.85958,55.84547,55.86799,53.40358,96.3633,48.02031,53.70073
3/21/2021,48.85958,55.84547,55.86799,53.40358,96.3633,48.02031,53.70073
3/22/2021,48.56404,55.50675,55.53268,53.07561,95.7582,47.7181,53.37431
3/23/2021,48.48532,55.41943,55.44896,52.98956,95.60464,47.63305,53.32224
3/24/2021,48.4552,55.3685,55.4295,52.95235,95.56101,47.62391,53.26302
3/25/2021,48.27082,55.16231,55.22957,52.75349,95.20084,47.4525,53.05244
3/26/2021,48.2708,55.1494,55.23179,52.77514,95.19443,47.42478,53.08523
3/27/2021,48.2708,55.1494,55.23179,52.77514,95.19443,47.42478,53.08523
3/28/2021,48.2708,55.1494,55.23179,52.77514,95.19443,47.42478,53.08523
3/29/2021,48.38434,55.23141,55.35459,52.8688,95.35313,47.46056,53.19026
3/30/2021,48.63983,55.51805,55.64188,53.13901,95.87581,47.71312,53.49887
3/31/2021,48.55019,55.42496,55.52533,53.0185,95.69915,47.61436,53.38385
4/1/2021,48.34855,55.18053,55.2757,52.80873,95.28861,47.39979,53.14512
4/2/2021,48.34855,55.18053,55.2757,52.80873,95.28861,47.39979,53.14512
4/3/2021,48.34855,55.18053,55.2757,52.80873,95.28861,47.39979,53.14512
4/4/2021,48.34855,55.18053,55.2757,52.80873,95.28861,47.39979,53.14512
4/5/2021,48.39674,55.23626,55.34811,52.89347,95.38259,47.45955,53.20452
4/6/2021,48.65666,55.53755,55.61591,53.15809,95.90004,47.72456,53.43479
4/7/2021,48.79581,55.71664,55.7913,53.33074,96.21565,47.8918,53.53897
4/8/2021,48.68878,55.59473,55.65993,53.20756,95.99978,47.79019,53.38317
4/9/2021,48.63322,55.54409,55.60826,53.14325,95.8941,47.74633,53.35641
4/10/2021,48.63322,55.54409,55.60826,53.14325,95.8941,47.74633,53.35641
4/11/2021,48.63322,55.54409,55.60826,53.14325,95.8941,47.74633,53.35641
4/12/2021,48.61471,55.53583,55.60015,53.13602,95.88311,47.73716,53.34454
4/13/2021,48.42747,55.31643,55.38517,52.91887,95.51655,47.54595,53.14319
4/14/2021,48.37837,55.23537,55.31986,52.8447,95.38981,47.48382,53.0789
4/15/2021,48.35066,55.17904,55.28415,52.80126,95.27886,47.42495,53.01666
4/16/2021,48.35653,55.19801,55.29776,52.81275,95.31859,47.43711,53.07916
4/17/2021,48.35653,55.19801,55.29776,52.81275,95.31859,47.43711,53.07916
4/18/2021,48.35653,55.19801,55.29776,52.81275,95.31859,47.43711,53.07916
4/19/2021,48.69939,55.61241,55.69915,53.19571,96.02916,47.77627,53.47164
4/20/2021,48.64223,55.5387,55.63161,53.12391,95.91806,47.74117,53.38357
4/21/2021,48.40077,55.22909,55.32692,52.82814,95.3528,47.49873,53.09487
4/22/2021,48.3336,55.15017,55.22994,52.75271,95.19329,47.40419,53.03041
4/23/2021,48.54692,55.39615,55.47014,52.99864,95.62068,47.59694,53.2389
4/24/2021,48.54692,55.39615,55.47014,52.99864,95.62068,47.59694,53.2389
4/25/2021,48.54692,55.39615,55.47014,52.99864,95.62068,47.59694,53.2389
4/26/2021,48.89128,55.79605,55.86238,53.38855,96.30652,47.94059,53.62659
4/27/2021,48.69719,55.5737,55.65391,53.18649,95.9209,47.72759,53.4063
4/28/2021,48.33441,55.14812,55.25854,52.77116,95.199,47.34205,52.96005
4/29/2021,48.0884,54.84489,54.96173,52.47883,94.67711,47.05922,52.65093
4/30/2021,48.04071,54.80749,54.90818,52.41398,94.55984,47.00676,52.61137
5/1/2021,48.04071,54.80749,54.90818,52.41398,94.55984,47.00676,52.61137
5/2/2021,48.04071,54.80749,54.90818,52.41398,94.55984,47.00676,52.61137
5/3/2021,47.93834,54.69826,54.77091,52.33569,94.42964,46.94215,52.5409
5/4/2021,47.87257,54.62116,54.70007,52.27467,94.29589,46.88004,52.43759
5/5/2021,47.94681,54.70515,54.79841,52.31395,94.37419,46.98121,52.49598
5/6/2021,48.11297,54.90223,55.00828,52.50619,94.70835,47.17633,52.70357
5/7/2021,48.13739,54.9312,55.01693,52.5123,94.70469,47.17052,52.69957
5/8/2021,48.13739,54.9312,55.01693,52.5123,94.70469,47.17052,52.69957
5/9/2021,48.13739,54.9312,55.01693,52.5123,94.70469,47.17052,52.69957
5/10/2021,48.14081,54.93246,55.02273,52.50037,94.68334,47.17239,52.71114
5/11/2021,48.05067,54.80815,54.90562,52.38357,94.46428,47.08236,52.63156
5/12/2021,48.03999,54.78785,54.87212,52.34673,94.46043,47.09513,52.59481
5/13/2021,47.93659,54.65544,54.74984,52.20311,94.26234,46.98699,52.45145
5/14/2021,47.98063,54.71083,54.78185,52.26026,94.33611,47.03337,52.49926
5/15/2021,47.98063,54.71083,54.78185,52.26026,94.33611,47.03337,52.49926
5/16/2021,47.98063,54.71083,54.78185,52.26026,94.33611,47.03337,52.49926
5/17/2021,48.02873,54.76095,54.81898,52.29394,94.44476,47.05193,52.54313
5/18/2021,47.99372,54.75345,54.76478,52.25496,94.31956,46.95108,52.52823
5/19/2021,47.95925,54.72784,54.76077,52.23969,94.26104,46.94923,52.52719
5/20/2021,47.71064,54.43008,54.48009,51.97804,93.75894,46.68277,52.26416
5/21/2021,47.71064,54.43008,54.48009,51.97804,93.75894,46.68277,52.26416
5/22/2021,47.71064,54.43008,54.48009,51.97804,93.75894,46.68277,52.26416
5/23/2021,47.71064,54.43008,54.48009,51.97804,93.75894,46.68277,52.26416
5/24/2021,47.86615,54.61489,54.66262,52.14279,94.05483,46.81858,52.38285
5/25/2021,48.11522,54.85802,54.93732,52.37741,94.45064,46.99604,52.59871
5/26/2021,48.32925,55.08485,55.2025,52.59184,94.81253,47.17587,52.80538
5/27/2021,48.40061,55.15646,55.26897,52.66508,94.94947,47.27592,52.86107
5/28/2021,48.46261,55.23131,55.35498,52.72626,95.08897,47.3193,52.91323
5/29/2021,48.46261,55.23131,55.35498,52.72626,95.08897,47.3193,52.91323
5/30/2021,48.46261,55.23131,55.35498,52.72626,95.08897,47.3193,52.91323
5/31/2021,48.56156,55.35739,55.47058,52.82609,95.32381,47.44042,53.01147
6/1/2021,48.68406,55.51882,55.6555,53.00256,95.61944,47.6083,53.17186
6/2/2021,48.83989,55.71746,55.82409,53.17142,95.94087,47.7628,53.32919
6/3/2021,48.795,55.66942,55.77259,53.11289,95.86978,47.71767,53.30927
6/4/2021,48.39182,55.19469,55.29989,52.62818,95.06178,47.26805,52.82992
6/5/2021,48.39182,55.19469,55.29989,52.62818,95.06178,47.26805,52.82992
6/6/2021,48.39182,55.19469,55.29989,52.62818,95.06178,47.26805,52.82992
6/7/2021,48.14674,54.88625,55.0024,52.3079,94.52516,46.98359,52.56865
6/8/2021,47.96411,54.6587,54.77448,52.07504,94.09056,46.75132,52.29064
6/9/2021,47.94334,54.64161,54.7471,52.03333,94.04647,46.7236,52.29202
6/10/2021,48.00433,54.69784,54.79811,52.07937,94.12556,46.77279,52.35781
6/11/2021,48.2548,54.98023,55.08747,52.3386,94.61644,47.03985,52.65486
6/12/2021,48.2548,54.98023,55.08747,52.3386,94.61644,47.03985,52.65486
6/13/2021,48.2548,54.98023,55.08747,52.3386,94.61644,47.03985,52.65486
6/14/2021,48.34982,55.13017,55.2103,52.47893,94.88507,47.17734,52.7972
6/15/2021,48.38973,55.18715,55.2524,52.53694,94.97019,47.21038,52.83704
6/16/2021,48.42287,55.22296,55.2734,52.5672,95.02393,47.24514,52.88402
6/17/2021,48.36653,55.17157,55.21938,52.51837,94.93536,47.2035,52.81985
6/18/2021,48.46935,55.28076,55.30913,52.61431,95.10986,47.3151,52.9232
6/19/2021,48.46935,55.28076,55.30913,52.61431,95.10986,47.3151,52.9232
6/20/2021,48.46935,55.28076,55.30913,52.61431,95.10986,47.3151,52.9232
6/21/2021,48.46935,55.28076,55.30913,52.61431,95.10986,47.3151,52.9232
6/22/2021,48.63322,55.47206,55.45953,52.79977,95.39252,47.48303,53.12735
6/23/2021,48.79768,55.64484,55.63621,52.97363,95.71376,47.62455,53.29393
6/24/2021,48.42427,55.21719,55.24067,52.56168,94.98778,47.23578,52.86466
6/25/2021,48.43937,55.2286,55.26968,52.57101,95.04459,47.20817,52.87641
6/26/2021,48.43937,55.2286,55.26968,52.57101,95.04459,47.20817,52.87641
6/27/2021,48.43937,55.2286,55.26968,52.57101,95.04459,47.20817,52.87641
6/28/2021,48.43937,55.2286,55.26968,52.57101,95.04459,47.20817,52.87641
6/29/2021,48.46058,55.22915,55.30113,52.56708,95.03861,47.19983,52.87492
6/30/2021,48.39128,55.14082,55.23934,52.48862,94.95018,47.14842,52.83944
7/1/2021,48.01395,54.69098,54.80914,52.06213,94.18304,46.74742,52.25818
7/2/2021,48.16157,54.85656,54.98624,52.23225,94.47255,46.88878,52.42426
7/3/2021,48.16157,54.85656,54.98624,52.23225,94.47255,46.88878,52.42426
7/4/2021,48.16157,54.85656,54.98624,52.23225,94.47255,46.88878,52.42426
7/5/2021,47.94835,54.59818,54.75376,51.95451,94.03044,46.64609,52.15872
7/6/2021,47.69532,54.29256,54.47545,51.68925,93.53032,46.36707,51.86564
7/7/2021,47.79503,54.39142,54.58274,51.78547,93.69811,46.47193,51.96345
7/8/2021,47.95201,54.56531,54.76188,51.95495,94.01307,46.62615,52.17082
7/9/2021,47.94031,54.57282,54.73551,51.96214,94.01552,46.67455,52.17155
7/10/2021,47.94031,54.57282,54.73551,51.96214,94.01552,46.67455,52.17155
7/11/2021,47.94031,54.57282,54.73551,51.96214,94.01552,46.67455,52.17155
7/12/2021,48.11903,54.80423,54.93567,52.18485,94.38738,46.88456,52.40637
7/13/2021,48.14289,54.83964,54.97747,52.21545,94.41796,46.91576,52.41632
7/14/2021,48.25304,54.9795,55.10408,52.34854,94.68269,47.01533,52.54442
7/15/2021,48.44209,55.18767,55.29352,52.5208,95.04269,47.20908,52.72657
7/16/2021,48.44209,55.18767,55.29352,52.5208,95.04269,47.20908,52.72657
7/17/2021,48.44209,55.18767,55.29352,52.5208,95.04269,47.20908,52.72657
7/18/2021,48.44209,55.18767,55.29352,52.5208,95.04269,47.20908,52.72657
7/19/2021,48.57175,55.32703,55.44088,52.68358,95.32653,47.37231,52.89821
7/20/2021,48.70058,55.43924,55.55488,52.78508,95.56478,47.55771,53.02299
7/21/2021,48.76302,55.53466,55.61976,52.88201,95.68888,47.62365,53.13552
7/22/2021,48.71978,55.50773,55.58835,52.85005,95.6047,47.54842,53.07567
7/23/2021,48.62065,55.40111,55.49149,52.75429,95.41345,47.45938,52.96462
7/24/2021,48.62065,55.40111,55.49149,52.75429,95.41345,47.45938,52.96462
7/25/2021,48.62065,55.40111,55.49149,52.75429,95.41345,47.45938,52.96462
7/26/2021,48.60864,55.38821,55.51148,52.74801,95.39727,47.44351,52.92898
7/27/2021,48.40439,55.16754,55.30353,52.53039,95.02069,47.23282,52.70941
7/28/2021,48.0415,54.74668,54.86724,52.11824,94.3013,46.85841,52.27094
7/29/2021,48.20637,54.89339,55.06081,52.26668,94.54619,46.95031,52.41966
7/30/2021,48.24712,54.96976,55.10461,52.33237,94.63863,47.00436,52.49946
7/31/2021,48.24712,54.96976,55.10461,52.33237,94.63863,47.00436,52.49946
8/1/2021,48.24712,54.96976,55.10461,52.33237,94.63863,47.00436,52.49946
8/2/2021,48.32431,55.03468,55.16993,52.3858,94.76189,47.08812,52.60183
8/3/2021,48.50364,55.2219,55.37048,52.57419,95.06874,47.24834,52.76116
8/4/2021,48.90459,55.67102,55.8273,52.98298,95.85221,47.60857,53.19804
8/5/2021,48.90796,55.69207,55.84577,52.95664,95.82381,47.58647,53.18877
8/6/2021,48.93149,55.7079,55.86637,52.97379,95.83055,47.58163,53.18868
8/7/2021,48.93149,55.7079,55.86637,52.97379,95.83055,47.58163,53.18868
8/8/2021,48.93149,55.7079,55.86637,52.97379,95.83055,47.58163,53.18868
8/9/2021,49.14397,55.95755,56.10439,53.20812,96.23824,47.77108,53.41708
8/10/2021,49.19422,56.00761,56.16994,53.24128,96.31931,47.80159,53.46126
8/11/2021,49.04117,55.84466,55.99654,53.09593,96.02614,47.64674,53.29158
8/12/2021,48.88469,55.70095,55.81684,52.93842,95.77147,47.49194,53.10227
8/13/2021,48.85039,55.66919,55.78988,52.89083,95.7386,47.47623,53.05493
8/14/2021,48.85039,55.66919,55.78988,52.89083,95.7386,47.47623,53.05493
8/15/2021,48.85039,55.66919,55.78988,52.89083,95.7386,47.47623,53.05493
8/16/2021,49.03146,55.87232,55.9904,53.07769,96.09166,47.66717,53.2598
8/17/2021,49.23773,56.10507,56.22862,53.27362,96.51469,47.87756,53.46623
8/18/2021,49.25435,56.10368,56.24153,53.28627,96.57523,47.89801,53.50913
8/19/2021,49.12124,55.94812,56.0934,53.13753,96.32445,47.76302,53.38403
8/20/2021,48.90087,55.69225,55.83917,52.8871,95.88985,47.54419,53.15832
8/21/2021,48.90087,55.69225,55.83917,52.8871,95.88985,47.54419,53.15832
8/22/2021,48.90087,55.69225,55.83917,52.8871,95.88985,47.54419,53.15832
8/23/2021,48.74636,55.51862,55.6838,52.72299,95.59012,47.3801,52.98468
8/24/2021,48.87663,55.68042,55.8439,52.86284,95.83327,47.49885,53.09195
8/25/2021,49.06253,55.88477,56.04947,53.08756,96.19922,47.68432,53.29288
8/26/2021,49.17323,56.02673,56.20176,53.22026,96.44519,47.81488,53.41652
8/27/2021,49.19168,56.05039,56.23083,53.23056,96.49798,47.84468,53.44114
8/28/2021,49.19168,56.05039,56.23083,53.23056,96.49798,47.84468,53.44114
8/29/2021,49.19168,56.05039,56.23083,53.23056,96.49798,47.84468,53.44114
8/30/2021,49.34098,56.21438,56.3918,53.41067,96.79495,48.01311,53.6103
8/31/2021,49.39603,56.27992,56.48205,53.48512,96.91765,48.09894,53.66275
9/1/2021,49.3607,56.23538,56.4187,53.43592,96.79574,48.05277,53.60655
9/2/2021,48.99143,55.78533,55.95869,53.01078,96.00049,47.61566,53.22926
9/3/2021,48.85718,55.65579,55.82465,52.8638,95.74747,47.46854,53.08592
9/4/2021,48.85718,55.65579,55.82465,52.8638,95.74747,47.46854,53.08592
9/5/2021,48.85718,55.65579,55.82465,52.8638,95.74747,47.46854,53.08592
9/6/2021,48.85181,55.65046,55.8086,52.84617,95.71161,47.43683,53.06451
9/7/2021,49.07331,55.88367,56.04433,53.06192,96.1196,47.60923,53.30789
9/8/2021,49.14222,55.95046,56.1178,53.07881,96.22443,47.63853,53.33694
9/9/2021,49.18769,56.03077,56.18234,53.12334,96.35029,47.66523,53.4172
9/10/2021,49.05492,55.8614,56.00582,52.94092,96.03636,47.48329,53.23276
9/11/2021,49.05492,55.8614,56.00582,52.94092,96.03636,47.48329,53.23276
9/12/2021,49.05492,55.8614,56.00582,52.94092,96.03636,47.48329,53.23276
9/13/2021,49.1048,55.91298,56.07467,52.98762,96.12668,47.52711,53.23855
9/14/2021,48.95996,55.75441,55.90405,52.86809,95.86548,47.42082,53.0908
9/15/2021,49.02531,55.83594,55.98583,52.94647,96.01295,47.5369,53.24131
9/16/2021,49.11037,55.94019,56.07572,53.08126,96.19916,47.65685,53.35236
9/17/2021,49.11037,55.94019,56.07572,53.08126,96.19916,47.65685,53.35236
9/18/2021,49.11037,55.94019,56.07572,53.08126,96.19916,47.65685,53.35236
9/19/2021,49.11037,55.94019,56.07572,53.08126,96.19916,47.65685,53.35236
9/20/2021,48.93723,55.74134,55.87503,52.87142,95.86061,47.47091,53.16841
9/21/2021,48.73788,55.50879,55.66282,52.61752,95.45877,47.28977,52.935
9/22/2021,48.78756,55.58823,55.74068,52.69954,95.56327,47.40846,53.02339
9/23/2021,48.86206,55.68366,55.82198,52.79331,95.72452,47.4716,53.10874
9/24/2021,49.04317,55.90647,56.04144,53.00566,96.10589,47.63852,53.31713
9/25/2021,49.04317,55.90647,56.04144,53.00566,96.10589,47.63852,53.31713
9/26/2021,49.04317,55.90647,56.04144,53.00566,96.10589,47.63852,53.31713
9/27/2021,48.9006,55.73938,55.88054,52.85238,95.84132,47.47206,53.15954
9/28/2021,48.9092,55.74185,55.87432,52.83429,95.83762,47.44173,53.1507
9/29/2021,48.61515,55.4041,55.53243,52.50041,95.23147,47.1233,52.8011
9/30/2021,48.55474,55.36503,55.4849,52.44505,95.15295,47.06965,52.75872
10/1/2021,48.7825,55.62586,55.74691,52.69376,95.61099,47.28824,52.99059
10/2/2021,48.7825,55.62586,55.74691,52.69376,95.61099,47.28824,52.99059
10/3/2021,48.7825,55.62586,55.74691,52.69376,95.61099,47.28824,52.99059
10/4/2021,48.48356,55.28111,55.39453,52.36212,94.99659,46.9784,52.64912
10/5/2021,48.23849,54.99856,55.12018,52.05763,94.51179,46.67932,52.3637
10/6/2021,48.12387,54.87367,55.01096,51.92243,94.27737,46.5294,52.24227
10/7/2021,47.74944,54.43542,54.5918,51.47524,93.54638,46.09967,51.78512
10/8/2021,47.6631,54.37739,54.54153,51.44655,93.40711,45.97785,51.68701
10/9/2021,47.6631,54.37739,54.54153,51.44655,93.40711,45.97785,51.68701
10/10/2021,47.6631,54.37739,54.54153,51.44655,93.40711,45.97785,51.68701
10/11/2021,47.6631,54.37739,54.54153,51.44655,93.40711,45.97785,51.68701
10/12/2021,47.58357,54.26557,54.44217,51.28985,93.25428,45.77879,51.51753
10/13/2021,47.46345,54.11552,54.33298,51.12109,93.01339,45.60879,51.30073
10/14/2021,47.16912,53.75537,53.97206,50.77374,92.37769,45.28606,50.95275
10/15/2021,47.48289,54.1257,54.32998,51.18518,93.05082,45.64321,51.37878
10/16/2021,47.48289,54.1257,54.32998,51.18518,93.05082,45.64321,51.37878
10/17/2021,47.48289,54.1257,54.32998,51.18518,93.05082,45.64321,51.37878
10/18/2021,48.12438,54.85795,55.06075,51.89956,94.31837,46.26166,52.09834
10/19/2021,47.85608,54.54554,54.76726,51.55494,93.77704,45.98261,51.7641
10/20/2021,47.81934,54.52607,54.75566,51.53247,93.72104,45.96729,51.72956
10/21/2021,47.91758,54.65342,54.85043,51.65618,93.9053,46.07433,51.85839
10/22/2021,47.94293,54.67302,54.88238,51.67622,93.94151,46.09555,51.86081
10/23/2021,47.94293,54.67302,54.88238,51.67622,93.94151,46.09555,51.86081
10/24/2021,47.94293,54.67302,54.88238,51.67622,93.94151,46.09555,51.86081
10/25/2021,48.01723,54.74748,54.95839,51.7373,94.05549,46.14002,51.9068
10/26/2021,48.20583,54.979,55.16138,51.95993,94.40767,46.41358,52.18468
10/27/2021,48.47028,55.28401,55.45522,52.25546,94.94171,46.73083,52.51152
10/28/2021,48.24561,55.01193,55.1851,52.00591,94.49266,46.52079,52.27258
10/29/2021,48.29575,55.07032,55.23882,52.07163,94.59295,46.57039,52.32373
10/30/2021,48.29575,55.07032,55.23882,52.07163,94.59295,46.57039,52.32373
10/31/2021,48.29575,55.07032,55.23882,52.07163,94.59295,46.57039,52.32373
11/1/2021,48.29575,55.07032,55.23882,52.07163,94.59295,46.57039,52.32373
11/2/2021,48.50011,55.2841,55.46346,52.27369,94.99781,46.76255,52.5055
11/3/2021,48.66251,55.46474,55.65904,52.44579,95.31588,46.9282,52.64149
11/4/2021,48.78754,55.62742,55.80633,52.59429,95.5823,47.05554,52.75784
11/5/2021,48.94319,55.78113,55.97526,52.70869,95.84844,47.17871,52.89659
11/6/2021,48.94319,55.78113,55.97526,52.70869,95.84844,47.17871,52.89659
11/7/2021,48.94319,55.78113,55.97526,52.70869,95.84844,47.17871,52.89659
11/8/2021,48.98183,55.8028,55.9977,52.75928,95.90252,47.20896,52.92125
11/9/2021,48.89023,55.71182,55.91721,52.65426,95.73313,47.13657,52.81359
11/10/2021,48.69868,55.49178,55.68103,52.42535,95.31221,46.9692,52.56536
11/11/2021,48.95065,55.7974,55.9385,52.67717,95.85802,47.31688,52.97694
11/12/2021,49.13433,55.98987,56.1262,52.87976,96.14059,47.53052,53.15597
11/13/2021,49.13433,55.98987,56.1262,52.87976,96.14059,47.53052,53.15597
11/14/2021,49.13433,55.98987,56.1262,52.87976,96.14059,47.53052,53.15597
11/15/2021,49.32708,56.20066,56.35968,53.10074,96.51765,47.69884,53.38032
11/16/2021,49.30503,56.18468,56.35493,53.09605,96.50976,47.6583,53.34053
11/17/2021,49.23439,56.11356,56.3102,53.02257,96.38607,47.56822,53.28972
11/18/2021,49.57487,56.51459,56.73306,53.41738,97.09194,47.90923,53.6589
11/19/2021,49.85623,56.85749,57.06511,53.7616,97.67332,48.16367,53.96993
11/20/2021,49.85623,56.85749,57.06511,53.7616,97.67332,48.16367,53.96993
11/21/2021,49.85623,56.85749,57.06511,53.7616,97.67332,48.16367,53.96993
11/22/2021,49.79446,56.75893,56.988,53.65463,97.48861,48.09272,53.87764
11/23/2021,49.60845,56.503,56.71149,53.39871,97.08186,47.9536,53.71353
11/24/2021,49.59695,56.48881,56.70605,53.43612,97.11342,47.97448,53.78023
11/25/2021,49.45216,56.29949,56.5532,53.29048,96.83468,47.81537,53.65026
11/26/2021,49.59262,56.44544,56.73289,53.43893,97.11096,47.91096,53.75459
11/27/2021,49.59262,56.44544,56.73289,53.43893,97.11096,47.91096,53.75459
11/28/2021,49.59262,56.44544,56.73289,53.43893,97.11096,47.91096,53.75459
11/29/2021,49.5462,56.38444,56.68842,53.37608,96.99802,47.89814,53.6856
11/30/2021,49.61443,56.46652,56.81599,53.47313,97.20028,47.93485,53.78563
12/1/2021,49.46635,56.29362,56.65798,53.30651,96.90692,47.79581,53.60231
12/2/2021,49.34095,56.17786,56.5178,53.1488,96.66373,47.6828,53.47774
12/3/2021,49.59823,56.47022,56.813,53.46047,97.17983,47.94205,53.77711
12/4/2021,49.59823,56.47022,56.813,53.46047,97.17983,47.94205,53.77711
12/5/2021,49.59823,56.47022,56.813,53.46047,97.17983,47.94205,53.77711
12/6/2021,49.7853,56.64813,56.98341,53.63755,97.47257,48.14801,53.95508
12/7/2021,49.84178,56.69878,57.0472,53.71351,97.58305,48.18738,54.04787
12/8/2021,49.84178,56.69878,57.0472,53.71351,97.58305,48.18738,54.04787
12/9/2021,50.22457,57.13417,57.4915,54.13175,98.30352,48.53276,54.41552
12/10/2021,50.29144,57.18613,57.54535,54.17125,98.40754,48.58158,54.46841
12/11/2021,50.29144,57.18613,57.54535,54.17125,98.40754,48.58158,54.46841
12/12/2021,50.29144,57.18613,57.54535,54.17125,98.40754,48.58158,54.46841
12/13/2021,50.46094,57.3663,57.72023,54.35023,98.72014,48.74116,54.63533
12/14/2021,50.12404,56.99296,57.32589,53.9519,98.03223,48.40223,54.23857
12/15/2021,49.82555,56.66447,57.00658,53.64586,97.51901,48.0947,53.95299
12/16/2021,49.80202,56.64324,56.97593,53.64004,97.45535,48.07916,53.91773
12/17/2021,49.98531,56.85835,57.16437,53.83414,97.82888,48.2305,54.09451
12/18/2021,49.98531,56.85835,57.16437,53.83414,97.82888,48.2305,54.09451
12/19/2021,49.98531,56.85835,57.16437,53.83414,97.82888,48.2305,54.09451
12/20/2021,49.52991,56.36169,56.65176,53.35006,97.01915,47.7806,53.64068
12/21/2021,49.42504,56.21068,56.52402,53.2304,96.76802,47.65319,53.48003
12/22/2021,49.86322,56.71294,57.02248,53.73104,97.62733,48.08614,53.97913
12/23/2021,50.1646,57.08058,57.38596,54.07264,98.15661,48.45177,54.34107
12/24/2021,50.17635,57.10448,57.39113,54.0931,98.17012,48.45105,54.37574
12/25/2021,50.17635,57.10448,57.39113,54.0931,98.17012,48.45105,54.37574
12/26/2021,50.17635,57.10448,57.39113,54.0931,98.17012,48.45105,54.37574
12/27/2021,50.42739,57.37455,57.65595,54.36868,98.62999,48.68004,54.63843
12/28/2021,50.45544,57.42123,57.68672,54.42219,98.6929,48.71239,54.67804
12/29/2021,50.55074,57.54544,57.80515,54.54349,98.87071,48.82191,54.78104
12/30/2021,50.3124,57.29272,57.54258,54.30068,98.444,48.59431,54.526
12/31/2021,50.34307,57.34016,57.56364,54.30632,98.51667,48.60304,54.57345
